Asset1,Asset2,Correlation
SPY,SPY,1.0
QQQ,SPY,0.9554029923210364
TLT,SPY,0.3852048668017931
GLD,SPY,0.4522326229020951
AAPL,SPY,0.3237404444368778
MSFT,SPY,0.7331924307312968
AMZN,SPY,0.7566212683286196
JPM,SPY,0.7921671474939883
XOM,SPY,0.1646172550605274
SPY,QQQ,0.9554029923210364
QQQ,QQQ,1.0
TLT,QQQ,0.3473042063917447
GLD,QQQ,0.4221840936740979
AAPL,QQQ,0.4095874165061017
MSFT,QQQ,0.8016248697625487
AMZN,QQQ,0.7987537416875037
JPM,QQQ,0.6609320932673947
XOM,QQQ,0.0185158141208656
SPY,TLT,0.3852048668017931
QQQ,TLT,0.3473042063917447
TLT,TLT,1.0
GLD,TLT,0.4493467918797943
AAPL,TLT,0.0461063171381985
MSFT,TLT,0.2148923305495927
AMZN,TLT,0.2660901026718696
JPM,TLT,0.258725348861775
XOM,TLT,-0.0662755592304324
SPY,GLD,0.4522326229020951
QQQ,GLD,0.4221840936740979
TLT,GLD,0.4493467918797943
GLD,GLD,1.0
AAPL,GLD,0.0185765785504144
MSFT,GLD,0.329871309350005
AMZN,GLD,0.3729622926780175
JPM,GLD,0.3760563687139978
XOM,GLD,0.0781168670896754
SPY,AAPL,0.3237404444368778
QQQ,AAPL,0.4095874165061017
TLT,AAPL,0.0461063171381985
GLD,AAPL,0.0185765785504144
AAPL,AAPL,1.0
MSFT,AAPL,0.3668188493124886
AMZN,AAPL,0.2373899642682568
JPM,AAPL,0.0133570804817779
XOM,AAPL,0.0362951302301216
SPY,MSFT,0.7331924307312968
QQQ,MSFT,0.8016248697625487
TLT,MSFT,0.2148923305495927
GLD,MSFT,0.329871309350005
AAPL,MSFT,0.3668188493124886
MSFT,MSFT,1.0
AMZN,MSFT,0.6828927297576977
JPM,MSFT,0.4289269840084441
XOM,MSFT,-0.1096966460788561
SPY,AMZN,0.7566212683286196
QQQ,AMZN,0.7987537416875037
TLT,AMZN,0.2660901026718696
GLD,AMZN,0.3729622926780175
AAPL,AMZN,0.2373899642682568
MSFT,AMZN,0.6828927297576977
AMZN,AMZN,1.0
JPM,AMZN,0.5249843871201213
XOM,AMZN,-0.0302094088761203
SPY,JPM,0.7921671474939883
QQQ,JPM,0.6609320932673947
TLT,JPM,0.258725348861775
GLD,JPM,0.3760563687139978
AAPL,JPM,0.0133570804817779
MSFT,JPM,0.4289269840084441
AMZN,JPM,0.5249843871201213
JPM,JPM,1.0
XOM,JPM,0.2647157334543744
SPY,XOM,0.1646172550605274
QQQ,XOM,0.0185158141208656
TLT,XOM,-0.0662755592304324
GLD,XOM,0.0781168670896754
AAPL,XOM,0.0362951302301216
MSFT,XOM,-0.1096966460788561
AMZN,XOM,-0.0302094088761203
JPM,XOM,0.2647157334543744
XOM,XOM,1.0
