Name,Return,Volatility,Sharpe
Max Sharpe,0.23530532521930903,0.12199635181365592,1.6418960259177802
Min Volatility,0.09694734022090468,0.0872183691406172,0.7102556586563836
